{
    "resolution": {
        "width": 640,
        "height": 480
    },
    "cameraIntrinsics": {
        "rows": 3,
        "cols": 3,
        "type": 6,
        "data": [
            741.3237774,
            0,
            643.9216594,
            0,
            741.6691762,
            346.4754739,
            0,
            0,
            1
        ]
    },
    "distCoeffs": {
        "rows": 1,
        "cols": 8,
        "type": 6,
        "data": [
            0.05007112537,
            -0.08635102934,
            0.0002018647954,
            0.0009635985618,
            0.03145788721,
            -0.001694410973,
            0.003333728397,
            -0.001227151637
        ]
    },
    "observations": [],
    "calobjectWarp": [],
    "calobjectSize": {
        "width": 0,
        "height": 0
    },
    "calobjectSpacing": 0
}